[{"model": "auth.permission", "pk": 1, "fields": {"name": "Can add log entry", "content_type": 1, "codename": "add_logentry"}}, {"model": "auth.permission", "pk": 2, "fields": {"name": "Can change log entry", "content_type": 1, "codename": "change_logentry"}}, {"model": "auth.permission", "pk": 3, "fields": {"name": "Can delete log entry", "content_type": 1, "codename": "delete_logentry"}}, {"model": "auth.permission", "pk": 4, "fields": {"name": "Can view log entry", "content_type": 1, "codename": "view_logentry"}}, {"model": "auth.permission", "pk": 5, "fields": {"name": "Can add permission", "content_type": 2, "codename": "add_permission"}}, {"model": "auth.permission", "pk": 6, "fields": {"name": "Can change permission", "content_type": 2, "codename": "change_permission"}}, {"model": "auth.permission", "pk": 7, "fields": {"name": "Can delete permission", "content_type": 2, "codename": "delete_permission"}}, {"model": "auth.permission", "pk": 8, "fields": {"name": "Can view permission", "content_type": 2, "codename": "view_permission"}}, {"model": "auth.permission", "pk": 9, "fields": {"name": "Can add group", "content_type": 3, "codename": "add_group"}}, {"model": "auth.permission", "pk": 10, "fields": {"name": "Can change group", "content_type": 3, "codename": "change_group"}}, {"model": "auth.permission", "pk": 11, "fields": {"name": "Can delete group", "content_type": 3, "codename": "delete_group"}}, {"model": "auth.permission", "pk": 12, "fields": {"name": "Can view group", "content_type": 3, "codename": "view_group"}}, {"model": "auth.permission", "pk": 13, "fields": {"name": "Can add content type", "content_type": 4, "codename": "add_contenttype"}}, {"model": "auth.permission", "pk": 14, "fields": {"name": "Can change content type", "content_type": 4, "codename": "change_contenttype"}}, {"model": "auth.permission", "pk": 15, "fields": {"name": "Can delete content type", "content_type": 4, "codename": "delete_contenttype"}}, {"model": "auth.permission", "pk": 16, "fields": {"name": "Can view content type", "content_type": 4, "codename": "view_contenttype"}}, {"model": "auth.permission", "pk": 17, "fields": {"name": "Can add session", "content_type": 5, "codename": "add_session"}}, {"model": "auth.permission", "pk": 18, "fields": {"name": "Can change session", "content_type": 5, "codename": "change_session"}}, {"model": "auth.permission", "pk": 19, "fields": {"name": "Can delete session", "content_type": 5, "codename": "delete_session"}}, {"model": "auth.permission", "pk": 20, "fields": {"name": "Can view session", "content_type": 5, "codename": "view_session"}}, {"model": "auth.permission", "pk": 21, "fields": {"name": "Can add help", "content_type": 6, "codename": "add_help"}}, {"model": "auth.permission", "pk": 22, "fields": {"name": "Can change help", "content_type": 6, "codename": "change_help"}}, {"model": "auth.permission", "pk": 23, "fields": {"name": "Can delete help", "content_type": 6, "codename": "delete_help"}}, {"model": "auth.permission", "pk": 24, "fields": {"name": "Can view help", "content_type": 6, "codename": "view_help"}}, {"model": "auth.permission", "pk": 25, "fields": {"name": "Can add helper", "content_type": 7, "codename": "add_helper"}}, {"model": "auth.permission", "pk": 26, "fields": {"name": "Can change helper", "content_type": 7, "codename": "change_helper"}}, {"model": "auth.permission", "pk": 27, "fields": {"name": "Can delete helper", "content_type": 7, "codename": "delete_helper"}}, {"model": "auth.permission", "pk": 28, "fields": {"name": "Can view helper", "content_type": 7, "codename": "view_helper"}}, {"model": "auth.permission", "pk": 29, "fields": {"name": "Can add old person", "content_type": 8, "codename": "add_oldperson"}}, {"model": "auth.permission", "pk": 30, "fields": {"name": "Can change old person", "content_type": 8, "codename": "change_oldperson"}}, {"model": "auth.permission", "pk": 31, "fields": {"name": "Can delete old person", "content_type": 8, "codename": "delete_oldperson"}}, {"model": "auth.permission", "pk": 32, "fields": {"name": "Can view old person", "content_type": 8, "codename": "view_oldperson"}}, {"model": "auth.permission", "pk": 33, "fields": {"name": "Can add call", "content_type": 9, "codename": "add_call"}}, {"model": "auth.permission", "pk": 34, "fields": {"name": "Can change call", "content_type": 9, "codename": "change_call"}}, {"model": "auth.permission", "pk": 35, "fields": {"name": "Can delete call", "content_type": 9, "codename": "delete_call"}}, {"model": "auth.permission", "pk": 36, "fields": {"name": "Can view call", "content_type": 9, "codename": "view_call"}}, {"model": "auth.permission", "pk": 37, "fields": {"name": "Can add chat", "content_type": 10, "codename": "add_chat"}}, {"model": "auth.permission", "pk": 38, "fields": {"name": "Can change chat", "content_type": 10, "codename": "change_chat"}}, {"model": "auth.permission", "pk": 39, "fields": {"name": "Can delete chat", "content_type": 10, "codename": "delete_chat"}}, {"model": "auth.permission", "pk": 40, "fields": {"name": "Can view chat", "content_type": 10, "codename": "view_chat"}}, {"model": "auth.permission", "pk": 41, "fields": {"name": "Can add message", "content_type": 11, "codename": "add_message"}}, {"model": "auth.permission", "pk": 42, "fields": {"name": "Can change message", "content_type": 11, "codename": "change_message"}}, {"model": "auth.permission", "pk": 43, "fields": {"name": "Can delete message", "content_type": 11, "codename": "delete_message"}}, {"model": "auth.permission", "pk": 44, "fields": {"name": "Can view message", "content_type": 11, "codename": "view_message"}}, {"model": "auth.permission", "pk": 45, "fields": {"name": "Can add user", "content_type": 12, "codename": "add_user"}}, {"model": "auth.permission", "pk": 46, "fields": {"name": "Can change user", "content_type": 12, "codename": "change_user"}}, {"model": "auth.permission", "pk": 47, "fields": {"name": "Can delete user", "content_type": 12, "codename": "delete_user"}}, {"model": "auth.permission", "pk": 48, "fields": {"name": "Can view user", "content_type": 12, "codename": "view_user"}}, {"model": "auth.permission", "pk": 49, "fields": {"name": "Can add help candidates", "content_type": 13, "codename": "add_helpcandidates"}}, {"model": "auth.permission", "pk": 50, "fields": {"name": "Can change help candidates", "content_type": 13, "codename": "change_helpcandidates"}}, {"model": "auth.permission", "pk": 51, "fields": {"name": "Can delete help candidates", "content_type": 13, "codename": "delete_helpcandidates"}}, {"model": "auth.permission", "pk": 52, "fields": {"name": "Can view help candidates", "content_type": 13, "codename": "view_helpcandidates"}}, {"model": "auth.permission", "pk": 53, "fields": {"name": "Can add transaction", "content_type": 14, "codename": "add_transaction"}}, {"model": "auth.permission", "pk": 54, "fields": {"name": "Can change transaction", "content_type": 14, "codename": "change_transaction"}}, {"model": "auth.permission", "pk": 55, "fields": {"name": "Can delete transaction", "content_type": 14, "codename": "delete_transaction"}}, {"model": "auth.permission", "pk": 56, "fields": {"name": "Can view transaction", "content_type": 14, "codename": "view_transaction"}}, {"model": "contenttypes.contenttype", "pk": 1, "fields": {"app_label": "admin", "model": "logentry"}}, {"model": "contenttypes.contenttype", "pk": 2, "fields": {"app_label": "auth", "model": "permission"}}, {"model": "contenttypes.contenttype", "pk": 3, "fields": {"app_label": "auth", "model": "group"}}, {"model": "contenttypes.contenttype", "pk": 4, "fields": {"app_label": "contenttypes", "model": "contenttype"}}, {"model": "contenttypes.contenttype", "pk": 5, "fields": {"app_label": "sessions", "model": "session"}}, {"model": "contenttypes.contenttype", "pk": 6, "fields": {"app_label": "core", "model": "help"}}, {"model": "contenttypes.contenttype", "pk": 7, "fields": {"app_label": "core", "model": "helper"}}, {"model": "contenttypes.contenttype", "pk": 8, "fields": {"app_label": "core", "model": "oldperson"}}, {"model": "contenttypes.contenttype", "pk": 9, "fields": {"app_label": "chat", "model": "call"}}, {"model": "contenttypes.contenttype", "pk": 10, "fields": {"app_label": "chat", "model": "chat"}}, {"model": "contenttypes.contenttype", "pk": 11, "fields": {"app_label": "chat", "model": "message"}}, {"model": "contenttypes.contenttype", "pk": 12, "fields": {"app_label": "authentication", "model": "user"}}, {"model": "contenttypes.contenttype", "pk": 13, "fields": {"app_label": "core", "model": "helpcandidates"}}, {"model": "contenttypes.contenttype", "pk": 14, "fields": {"app_label": "analytics", "model": "transaction"}}, {"model": "sessions.session", "pk": "49246k8gcbllzq37r4ktgcpn2lohedex", "fields": {"session_data": ".eJxVjDsOwjAQBe_iGlnOrj-Ckp4zWOv1GgeQI8VJhbg7iZQC2pl5760irUuNa5c5jlldFFivTr80ET-l7So_qN0nzVNb5jHpPdGH7fo2ZXldj_bvoFKv2xqhWAgEJhThVBwOQQoW54kw542UswtmQGCPEBx6S0KIYoAzsgX1-QI_YDiG:1oOjBb:r3KeSz7e8HVo_Y8VP6sLY4eK34ISL8Y1QxaUxx1E5-U", "expire_date": "2022-09-01T17:20:03.931Z"}}, {"model": "sessions.session", "pk": "5wepyljen5miqbczrkxxxz4rt21cxrxg", "fields": {"session_data": "e30:1oMT1O:-f1woPYB6cx4AQQgc1qHyvHRJdW3c8N68NSKEmw260s", "expire_date": "2022-08-26T11:40:10.468Z"}}, {"model": "sessions.session", "pk": "7dyo9e9jg9zcqds0bcgj46umd175cbd2", "fields": {"session_data": "e30:1oMwaZ:Wh1adi5QPQpzlmvx_oyYltbS-leF_2CKlFJgQtFOfCI", "expire_date": "2022-08-27T19:14:27.174Z"}}, {"model": "sessions.session", "pk": "87h9y9ag9ozg7kk8fwocs8112txlpr6j", "fields": {"session_data": "e30:1oMwWV:ljgDbe1lbn9P7X1mE-iwzIX-DunFYvT9Cgp5OD5YGU4", "expire_date": "2022-08-27T19:10:15.147Z"}}, {"model": "sessions.session", "pk": "dw389mmt6i0eu6kjqeeq2uo6xia8fr6v", "fields": {"session_data": "e30:1oMwdN:cRCIWsX-EmSLLZdcLbxnhBn-oC2LUsV5oIybRgbW8PM", "expire_date": "2022-08-27T19:17:21.316Z"}}, {"model": "sessions.session", "pk": "jp9zl54363ve92t4iw1fakt2yo5c5u1e", "fields": {"session_data": "e30:1oMwV6:_FXPzQxntoILdDjghuhW2QLPNxC8UAv_xDdwIp8bYXw", "expire_date": "2022-08-27T19:08:48.513Z"}}, {"model": "sessions.session", "pk": "nwh1o5qgib2rm0l6z3mskqcu64t51638", "fields": {"session_data": "e30:1oMVQu:jO9pz1HyzZsa9g08pWiNOTN8ljR50AZquhiKaLOj-Mc", "expire_date": "2022-08-26T14:14:40.926Z"}}, {"model": "sessions.session", "pk": "qacfsa5ypch3rst23kp19ifn71y9u4zq", "fields": {"session_data": "e30:1oMVVT:v6zdfsZIfwnOdkVn-2tPRh4lIyu5rarj8twBEqGWrlA", "expire_date": "2022-08-26T14:19:23.712Z"}}, {"model": "sessions.session", "pk": "rcsvtg8e32cic4d7yjcsh9ps8e4ayimz", "fields": {"session_data": ".eJxVjEEOwiAQRe_C2hAG6YAu3XuGZhgGqRpISrsy3l2bdKHb_977LzXSupRx7TKPU1JnBU4dfsdI_JC6kXSnemuaW13mKepN0Tvt-tqSPC-7-3dQqJdvfSILhMkMCOEIaDKQZZsdc0JmYk8ozqERySFLQELgiNYP2fiQJKr3Bw_5OL0:1oOTHt:hGAEMfWkX2_0bSDPc-_zNUczmTa_xtHZs7SvCSX-pHM", "expire_date": "2022-09-01T00:21:29.873Z"}}, {"model": "core.oldperson", "pk": 98, "fields": {"needsHelp": true, "user": 259}}, {"model": "core.oldperson", "pk": 99, "fields": {"needsHelp": true, "user": 260}}, {"model": "core.oldperson", "pk": 100, "fields": {"needsHelp": true, "user": 261}}, {"model": "core.oldperson", "pk": 101, "fields": {"needsHelp": true, "user": 263}}, {"model": "core.oldperson", "pk": 102, "fields": {"needsHelp": true, "user": 267}}, {"model": "core.helper", "pk": 134, "fields": {"isVerified": true, "user": 258}}, {"model": "core.helper", "pk": 135, "fields": {"isVerified": true, "user": 262}}, {"model": "core.helper", "pk": 136, "fields": {"isVerified": true, "user": 264}}, {"model": "core.helper", "pk": 137, "fields": {"isVerified": true, "user": 265}}, {"model": "core.helper", "pk": 138, "fields": {"isVerified": true, "user": 266}}, {"model": "core.help", "pk": 241, "fields": {"description": "Hello, I would like to have a phone buddy to call when I feel lonely", "category": "PH", "helper": 134, "oldPerson": 100, "date": "2022-08-23"}}, {"model": "core.help", "pk": 242, "fields": {"description": "I want company to go to the church on sundays", "category": "SO", "helper": 135, "oldPerson": 98, "date": "2022-08-14"}}, {"model": "core.help", "pk": 243, "fields": {"description": "Hello, I would like to learn how to create zoom meetings with my friends. Cheers", "category": "TE", "helper": 138, "oldPerson": 98, "date": "2022-08-18"}}, {"model": "core.help", "pk": 244, "fields": {"description": "Hello. I would like to have someone to talk to. I am a very talkative person but don't have many friends", "category": "HO", "helper": 138, "oldPerson": 99, "date": "2022-08-28"}}, {"model": "core.help", "pk": 245, "fields": {"description": "I would appreciate if someone helped me out moving some old boxed that I have", "category": "TR", "helper": 134, "oldPerson": 98, "date": "2022-08-26"}}, {"model": "core.help", "pk": 246, "fields": {"description": "I want a friend to go for a walk in the mornings", "category": "SO", "helper": 134, "oldPerson": 98, "date": "2022-08-24"}}, {"model": "core.help", "pk": 247, "fields": {"description": "I would appreciate some company on week days because I get bored", "category": "HO", "helper": 135, "oldPerson": 101, "date": "2022-08-26"}}, {"model": "core.help", "pk": 248, "fields": {"description": "I want to go to the market outside the city but I don't have car, could someone please help me?", "category": "TR", "helper": 134, "oldPerson": 100, "date": "2022-08-08"}}, {"model": "core.help", "pk": 249, "fields": {"description": "I would appreciate having help for painting my walls because they are very dirty", "category": "HA", "helper": null, "oldPerson": 101, "date": "2022-08-25"}}, {"model": "core.help", "pk": 250, "fields": {"description": "I am looking for someone who want to go to museums with me", "category": "SO", "helper": null, "oldPerson": 99, "date": "2022-08-19"}}, {"model": "core.help", "pk": 251, "fields": {"description": "I would like someone to take me places because I can't see anymore and I don't want to stay at home every day", "category": "TR", "helper": null, "oldPerson": 100, "date": "2022-08-12"}}, {"model": "core.help", "pk": 252, "fields": {"description": "I would like to meet someone who is interested on plants and flowers to help me with my garden", "category": "OT", "helper": null, "oldPerson": 100, "date": "2022-08-10"}}, {"model": "core.help", "pk": 253, "fields": {"description": "I want to learn how to use facebook", "category": "TE", "helper": null, "oldPerson": 102, "date": "2022-08-09"}}, {"model": "core.help", "pk": 254, "fields": {"description": "I want a friend to go to social events in my community", "category": "SO", "helper": null, "oldPerson": 98, "date": "2022-08-14"}}, {"model": "core.help", "pk": 255, "fields": {"description": "My printer doesn't work and I don't know who to ask", "category": "TE", "helper": null, "oldPerson": 102, "date": "2022-08-20"}}, {"model": "core.helpcandidates", "pk": 226, "fields": {"helper": 134, "help": 241, "description": "Sounds lovely, It would be an honor to help you", "status": "1"}}, {"model": "core.helpcandidates", "pk": 227, "fields": {"helper": 135, "help": 242, "description": "That sounds great, I can help with that", "status": "1"}}, {"model": "core.helpcandidates", "pk": 228, "fields": {"helper": 138, "help": 243, "description": "I think I can be useful because I have experience", "status": "1"}}, {"model": "core.helpcandidates", "pk": 229, "fields": {"helper": 138, "help": 244, "description": "I would like to help you out!", "status": "1"}}, {"model": "core.helpcandidates", "pk": 230, "fields": {"helper": 134, "help": 245, "description": "I would like to help you out!", "status": "1"}}, {"model": "core.helpcandidates", "pk": 231, "fields": {"helper": 134, "help": 246, "description": "That sounds great, I can help with that", "status": "1"}}, {"model": "core.helpcandidates", "pk": 232, "fields": {"helper": 135, "help": 247, "description": "I would like to help you out!", "status": "1"}}, {"model": "core.helpcandidates", "pk": 233, "fields": {"helper": 134, "help": 248, "description": "I would like to help you out!", "status": "1"}}, {"model": "core.helpcandidates", "pk": 234, "fields": {"helper": 137, "help": 249, "description": "Count me in, I have a lot of free time recently", "status": "3"}}, {"model": "core.helpcandidates", "pk": 235, "fields": {"helper": 138, "help": 250, "description": "I would like to help you out!", "status": "3"}}, {"model": "core.helpcandidates", "pk": 236, "fields": {"helper": 138, "help": 251, "description": "Sounds lovely, It would be an honor to help you", "status": "3"}}, {"model": "core.helpcandidates", "pk": 237, "fields": {"helper": 137, "help": 252, "description": "Count me in, I have a lot of free time recently", "status": "3"}}, {"model": "core.helpcandidates", "pk": 238, "fields": {"helper": 137, "help": 253, "description": "Sounds lovely, It would be an honor to help you", "status": "3"}}, {"model": "core.helpcandidates", "pk": 239, "fields": {"helper": 134, "help": 254, "description": "I  have experience doing that", "status": "3"}}, {"model": "core.helpcandidates", "pk": 240, "fields": {"helper": 138, "help": 255, "description": "I think I can be useful because I have experience", "status": "3"}}, {"model": "chat.chat", "pk": 35, "fields": {"isActive": true, "slug": null, "users": [258, 261]}}, {"model": "chat.chat", "pk": 36, "fields": {"isActive": true, "slug": null, "users": [259, 262]}}, {"model": "chat.chat", "pk": 37, "fields": {"isActive": true, "slug": null, "users": [259, 266]}}, {"model": "chat.chat", "pk": 38, "fields": {"isActive": true, "slug": null, "users": [260, 266]}}, {"model": "chat.chat", "pk": 39, "fields": {"isActive": true, "slug": null, "users": [258, 259]}}, {"model": "chat.chat", "pk": 40, "fields": {"isActive": true, "slug": null, "users": [258, 259]}}, {"model": "chat.chat", "pk": 41, "fields": {"isActive": true, "slug": null, "users": [262, 263]}}, {"model": "chat.chat", "pk": 42, "fields": {"isActive": true, "slug": null, "users": [258, 261]}}, {"model": "chat.message", "pk": 45, "fields": {"type": "txt", "content": "Hello, nice to meet you!", "image": "", "time": "2022-08-18T17:28:56.425Z", "sender": 258, "chat": 35}}, {"model": "chat.message", "pk": 46, "fields": {"type": "txt", "content": "Hi Ana, how are you?", "image": "", "time": "2022-08-18T17:28:56.426Z", "sender": 261, "chat": 35}}, {"model": "chat.message", "pk": 47, "fields": {"type": "txt", "content": "Hello, nice to meet you!", "image": "", "time": "2022-08-18T17:28:56.428Z", "sender": 262, "chat": 36}}, {"model": "chat.message", "pk": 48, "fields": {"type": "txt", "content": "Hi Daniel, how are you?", "image": "", "time": "2022-08-18T17:28:56.429Z", "sender": 259, "chat": 36}}, {"model": "chat.message", "pk": 49, "fields": {"type": "txt", "content": "Hello, nice to meet you!", "image": "", "time": "2022-08-18T17:28:56.431Z", "sender": 266, "chat": 37}}, {"model": "chat.message", "pk": 50, "fields": {"type": "txt", "content": "Hi Olivia, how are you?", "image": "", "time": "2022-08-18T17:28:56.432Z", "sender": 259, "chat": 37}}, {"model": "chat.message", "pk": 51, "fields": {"type": "txt", "content": "Hello, nice to meet you!", "image": "", "time": "2022-08-18T17:28:56.434Z", "sender": 266, "chat": 38}}, {"model": "chat.message", "pk": 52, "fields": {"type": "txt", "content": "Hi Olivia, how are you?", "image": "", "time": "2022-08-18T17:28:56.435Z", "sender": 260, "chat": 38}}, {"model": "chat.message", "pk": 53, "fields": {"type": "txt", "content": "Hello, nice to meet you!", "image": "", "time": "2022-08-18T17:28:56.437Z", "sender": 258, "chat": 39}}, {"model": "chat.message", "pk": 54, "fields": {"type": "txt", "content": "Hi Ana, how are you?", "image": "", "time": "2022-08-18T17:28:56.438Z", "sender": 259, "chat": 39}}, {"model": "chat.message", "pk": 55, "fields": {"type": "txt", "content": "Hello, nice to meet you!", "image": "", "time": "2022-08-18T17:28:56.439Z", "sender": 258, "chat": 40}}, {"model": "chat.message", "pk": 56, "fields": {"type": "txt", "content": "Hi Ana, how are you?", "image": "", "time": "2022-08-18T17:28:56.440Z", "sender": 259, "chat": 40}}, {"model": "chat.message", "pk": 57, "fields": {"type": "txt", "content": "Hello, nice to meet you!", "image": "", "time": "2022-08-18T17:28:56.442Z", "sender": 262, "chat": 41}}, {"model": "chat.message", "pk": 58, "fields": {"type": "txt", "content": "Hi Daniel, how are you?", "image": "", "time": "2022-08-18T17:28:56.443Z", "sender": 263, "chat": 41}}, {"model": "chat.message", "pk": 59, "fields": {"type": "txt", "content": "Hello, nice to meet you!", "image": "", "time": "2022-08-18T17:28:56.445Z", "sender": 258, "chat": 42}}, {"model": "chat.message", "pk": 60, "fields": {"type": "txt", "content": "Hi Ana, how are you?", "image": "", "time": "2022-08-18T17:28:56.446Z", "sender": 261, "chat": 42}}, {"model": "authentication.user", "pk": 258, "fields": {"password": "pbkdf2_sha256$320000$S7XgPcRmlTrGq4ejOXEPZh$qntBJFQHDYBmN3sRKdZsq5UzgOwez0MhTPaDgT1nZMg=", "last_login": "2022-08-30T10:23:15.688Z", "is_superuser": false, "first_name": "", "last_name": "", "is_staff": false, "is_active": true, "date_joined": "2022-08-18T17:28:54.669Z", "name": "Ana Paola Chazaro Watty", "surname": "", "email": "apcw96@gmail.com", "username": "", "phoneNumber": "7510302811", "isHelper": true, "dateOfBirth": "1996-01-27", "groups": [], "user_permissions": []}}, {"model": "authentication.user", "pk": 259, "fields": {"password": "pbkdf2_sha256$320000$yTSQaPhuAcLLWqiXfsAsHr$1lqZlZ/R7d0tEGfIr6ZEZKfWZukTe+gxIFPVu9Tz2pQ=", "last_login": "2022-08-30T13:21:05.308Z", "is_superuser": false, "first_name": "", "last_name": "", "is_staff": false, "is_active": true, "date_joined": "2022-08-18T17:28:54.832Z", "name": "Charlotte Chen", "surname": "", "email": "charlotte@gmail.com", "username": "", "phoneNumber": "7510302811", "isHelper": false, "dateOfBirth": "1996-01-27", "groups": [], "user_permissions": []}}, {"model": "authentication.user", "pk": 260, "fields": {"password": "pbkdf2_sha256$320000$H32sRh8unLTCORmfPALQDg$iUhtx9bBsN/VTjLeym471+K2+2jsy2OWGhVWQH9SGxE=", "last_login": null, "is_superuser": false, "first_name": "", "last_name": "", "is_staff": false, "is_active": true, "date_joined": "2022-08-18T17:28:54.985Z", "name": "Joseph Chen", "surname": "", "email": "joseph@gmail.com", "username": "", "phoneNumber": "7510302811", "isHelper": false, "dateOfBirth": "1996-01-27", "groups": [], "user_permissions": []}}, {"model": "authentication.user", "pk": 261, "fields": {"password": "pbkdf2_sha256$320000$DYoUwcpIaH96K8p0DjRCmy$e2fSYO1hfIu68PKMIt3XH2Y6j/zBjfKMeKFYoF5GLH0=", "last_login": null, "is_superuser": false, "first_name": "", "last_name": "", "is_staff": false, "is_active": true, "date_joined": "2022-08-18T17:28:55.138Z", "name": "Samuel Jakobson", "surname": "", "email": "samuel@gmail.com", "username": "", "phoneNumber": "7510302811", "isHelper": false, "dateOfBirth": "1996-01-27", "groups": [], "user_permissions": []}}, {"model": "authentication.user", "pk": 262, "fields": {"password": "pbkdf2_sha256$320000$mNynZA8dEBQdEpw6JC638D$BuvGpyEtt0ppv8ae3zvI61nXEYIe2IBqw6QEX2nTDiE=", "last_login": null, "is_superuser": false, "first_name": "", "last_name": "", "is_staff": false, "is_active": true, "date_joined": "2022-08-18T17:28:55.292Z", "name": "Daniel Chazaro Watty", "surname": "", "email": "daniel@gmail.com", "username": "", "phoneNumber": "7510302811", "isHelper": true, "dateOfBirth": "1996-01-27", "groups": [], "user_permissions": []}}, {"model": "authentication.user", "pk": 263, "fields": {"password": "pbkdf2_sha256$320000$qcYZgKIVabKO6nK3OhhQgQ$MFaAGimGG13mZ9rV1X8ZmiJ2BEqgrstHXmGLJKQBXrQ=", "last_login": null, "is_superuser": false, "first_name": "", "last_name": "", "is_staff": false, "is_active": true, "date_joined": "2022-08-18T17:28:55.445Z", "name": "Paul Jones", "surname": "", "email": "paul@gmail.com", "username": "", "phoneNumber": "7510302811", "isHelper": false, "dateOfBirth": "1996-01-27", "groups": [], "user_permissions": []}}, {"model": "authentication.user", "pk": 264, "fields": {"password": "pbkdf2_sha256$320000$hhccVDUxNizKGCL0JGFnMW$c5KySeboD4g2/up8Lo6qtt97Yokzjv4G9UzvDEKCCw0=", "last_login": null, "is_superuser": false, "first_name": "", "last_name": "", "is_staff": false, "is_active": true, "date_joined": "2022-08-18T17:28:55.598Z", "name": "Jessica Lin", "surname": "", "email": "jessica@gmail.com", "username": "", "phoneNumber": "7510302811", "isHelper": true, "dateOfBirth": "1996-01-27", "groups": [], "user_permissions": []}}, {"model": "authentication.user", "pk": 265, "fields": {"password": "pbkdf2_sha256$320000$AAlRiThsRlJI7orNRbqxdW$ag9ShbpPqATBicOMEmJoP3vvk5fWS1V3tGi1gjuOMUI=", "last_login": null, "is_superuser": false, "first_name": "", "last_name": "", "is_staff": false, "is_active": true, "date_joined": "2022-08-18T17:28:55.751Z", "name": "Manika Gupta", "surname": "", "email": "manika@gmail.com", "username": "", "phoneNumber": "7510302811", "isHelper": true, "dateOfBirth": "1996-01-27", "groups": [], "user_permissions": []}}, {"model": "authentication.user", "pk": 266, "fields": {"password": "pbkdf2_sha256$320000$3BpeVfpesvJaHYezbtjVHD$LuXUozpzt+7/DUZbubKeeo8DFD2Whj6FmPkiIzlc81s=", "last_login": null, "is_superuser": false, "first_name": "", "last_name": "", "is_staff": false, "is_active": true, "date_joined": "2022-08-18T17:28:55.904Z", "name": "Olivia Williams", "surname": "", "email": "helper@gmail.com", "username": "", "phoneNumber": "7510302811", "isHelper": true, "dateOfBirth": "1996-01-27", "groups": [], "user_permissions": []}}, {"model": "authentication.user", "pk": 267, "fields": {"password": "pbkdf2_sha256$320000$DROTWPHrquIUN4vEZKK063$AFCB89rx7ygGncma5/ccxFV36a3jdEzb9PbJdhbRfqU=", "last_login": null, "is_superuser": false, "first_name": "", "last_name": "", "is_staff": false, "is_active": true, "date_joined": "2022-08-18T17:28:56.057Z", "name": "Michael Smith", "surname": "", "email": "oldPerson@gmail.com", "username": "", "phoneNumber": "7510302811", "isHelper": false, "dateOfBirth": "1996-01-27", "groups": [], "user_permissions": []}}, {"model": "authentication.user", "pk": 268, "fields": {"password": "pbkdf2_sha256$320000$hli5MgGD6PSz3d35HZzmdd$HFD3t3BX9w9wegxEK4BP7AlqBXH93dl5xYx/p21xlYc=", "last_login": null, "is_superuser": true, "first_name": "", "last_name": "", "is_staff": true, "is_active": true, "date_joined": "2022-08-18T17:28:56.221Z", "name": "admin", "surname": "", "email": "admin@gmail.com", "username": "", "phoneNumber": "7510299381", "isHelper": true, "dateOfBirth": "1996-01-27", "groups": [], "user_permissions": []}}, {"model": "analytics.transaction", "pk": 213, "fields": {"emailUser1": "samuel@gmail.com", "emailUser2": "", "dateTime": "2022-08-18T17:28:56.455Z", "model": "Help request", "action": "Created", "details": "User Samuel Jakobson created a help request with id 241 with the following description: Hello, I would like to have a phone buddy to call when I feel lonely"}}, {"model": "analytics.transaction", "pk": 214, "fields": {"emailUser1": "charlotte@gmail.com", "emailUser2": "", "dateTime": "2022-08-18T17:28:56.456Z", "model": "Help request", "action": "Created", "details": "User Charlotte Chen created a help request with id 242 with the following description: I want company to go to the church on sundays"}}, {"model": "analytics.transaction", "pk": 215, "fields": {"emailUser1": "charlotte@gmail.com", "emailUser2": "", "dateTime": "2022-08-18T17:28:56.456Z", "model": "Help request", "action": "Created", "details": "User Charlotte Chen created a help request with id 243 with the following description: Hello, I would like to learn how to create zoom meetings with my friends. Cheers"}}, {"model": "analytics.transaction", "pk": 216, "fields": {"emailUser1": "joseph@gmail.com", "emailUser2": "", "dateTime": "2022-08-18T17:28:56.457Z", "model": "Help request", "action": "Created", "details": "User Joseph Chen created a help request with id 244 with the following description: Hello. I would like to have someone to talk to. I am a very talkative person but don't have many friends"}}, {"model": "analytics.transaction", "pk": 217, "fields": {"emailUser1": "charlotte@gmail.com", "emailUser2": "", "dateTime": "2022-08-18T17:28:56.458Z", "model": "Help request", "action": "Created", "details": "User Charlotte Chen created a help request with id 245 with the following description: I would appreciate if someone helped me out moving some old boxed that I have"}}, {"model": "analytics.transaction", "pk": 218, "fields": {"emailUser1": "charlotte@gmail.com", "emailUser2": "", "dateTime": "2022-08-18T17:28:56.459Z", "model": "Help request", "action": "Created", "details": "User Charlotte Chen created a help request with id 246 with the following description: I want a friend to go for a walk in the mornings"}}, {"model": "analytics.transaction", "pk": 219, "fields": {"emailUser1": "paul@gmail.com", "emailUser2": "", "dateTime": "2022-08-18T17:28:56.459Z", "model": "Help request", "action": "Created", "details": "User Paul Jones created a help request with id 247 with the following description: I would appreciate some company on week days because I get bored"}}, {"model": "analytics.transaction", "pk": 220, "fields": {"emailUser1": "samuel@gmail.com", "emailUser2": "", "dateTime": "2022-08-18T17:28:56.460Z", "model": "Help request", "action": "Created", "details": "User Samuel Jakobson created a help request with id 248 with the following description: I want to go to the market outside the city but I don't have car, could someone please help me?"}}, {"model": "analytics.transaction", "pk": 221, "fields": {"emailUser1": "paul@gmail.com", "emailUser2": "", "dateTime": "2022-08-18T17:28:56.461Z", "model": "Help request", "action": "Created", "details": "User Paul Jones created a help request with id 249 with the following description: I would appreciate having help for painting my walls because they are very dirty"}}, {"model": "analytics.transaction", "pk": 222, "fields": {"emailUser1": "joseph@gmail.com", "emailUser2": "", "dateTime": "2022-08-18T17:28:56.462Z", "model": "Help request", "action": "Created", "details": "User Joseph Chen created a help request with id 250 with the following description: I am looking for someone who want to go to museums with me"}}, {"model": "analytics.transaction", "pk": 223, "fields": {"emailUser1": "samuel@gmail.com", "emailUser2": "", "dateTime": "2022-08-18T17:28:56.462Z", "model": "Help request", "action": "Created", "details": "User Samuel Jakobson created a help request with id 251 with the following description: I would like someone to take me places because I can't see anymore and I don't want to stay at home every day"}}, {"model": "analytics.transaction", "pk": 224, "fields": {"emailUser1": "samuel@gmail.com", "emailUser2": "", "dateTime": "2022-08-18T17:28:56.464Z", "model": "Help request", "action": "Created", "details": "User Samuel Jakobson created a help request with id 252 with the following description: I would like to meet someone who is interested on plants and flowers to help me with my garden"}}, {"model": "analytics.transaction", "pk": 225, "fields": {"emailUser1": "oldPerson@gmail.com", "emailUser2": "", "dateTime": "2022-08-18T17:28:56.465Z", "model": "Help request", "action": "Created", "details": "User Michael Smith created a help request with id 253 with the following description: I want to learn how to use facebook"}}, {"model": "analytics.transaction", "pk": 226, "fields": {"emailUser1": "charlotte@gmail.com", "emailUser2": "", "dateTime": "2022-08-18T17:28:56.466Z", "model": "Help request", "action": "Created", "details": "User Charlotte Chen created a help request with id 254 with the following description: I want a friend to go to social events in my community"}}, {"model": "analytics.transaction", "pk": 227, "fields": {"emailUser1": "oldPerson@gmail.com", "emailUser2": "", "dateTime": "2022-08-18T17:28:56.467Z", "model": "Help request", "action": "Created", "details": "User Michael Smith created a help request with id 255 with the following description: My printer doesn't work and I don't know who to ask"}}, {"model": "analytics.transaction", "pk": 228, "fields": {"emailUser1": "apcw96@gmail.com", "emailUser2": "samuel@gmail.com", "dateTime": "2022-08-18T17:28:56.486Z", "model": "Help offer", "action": "Created", "details": "User Ana Paola Chazaro Watty created a help offer with id 255 with the following description: My printer doesn't work and I don't know who to ask"}}, {"model": "analytics.transaction", "pk": 229, "fields": {"emailUser1": "samuel@gmail.com", "emailUser2": "apcw96@gmail.com", "dateTime": "2022-08-18T17:28:56.487Z", "model": "Help offer", "action": "Accepted", "details": "User samuel@gmail.com accepted a help offer with id 226 offered by: apcw96@gmail.com"}}, {"model": "analytics.transaction", "pk": 230, "fields": {"emailUser1": "daniel@gmail.com", "emailUser2": "charlotte@gmail.com", "dateTime": "2022-08-18T17:28:56.488Z", "model": "Help offer", "action": "Created", "details": "User Daniel Chazaro Watty created a help offer with id 255 with the following description: My printer doesn't work and I don't know who to ask"}}, {"model": "analytics.transaction", "pk": 231, "fields": {"emailUser1": "charlotte@gmail.com", "emailUser2": "daniel@gmail.com", "dateTime": "2022-08-18T17:28:56.489Z", "model": "Help offer", "action": "Accepted", "details": "User charlotte@gmail.com accepted a help offer with id 227 offered by: daniel@gmail.com"}}, {"model": "analytics.transaction", "pk": 232, "fields": {"emailUser1": "helper@gmail.com", "emailUser2": "charlotte@gmail.com", "dateTime": "2022-08-18T17:28:56.490Z", "model": "Help offer", "action": "Created", "details": "User Olivia Williams created a help offer with id 255 with the following description: My printer doesn't work and I don't know who to ask"}}, {"model": "analytics.transaction", "pk": 233, "fields": {"emailUser1": "charlotte@gmail.com", "emailUser2": "helper@gmail.com", "dateTime": "2022-08-18T17:28:56.491Z", "model": "Help offer", "action": "Accepted", "details": "User charlotte@gmail.com accepted a help offer with id 228 offered by: helper@gmail.com"}}, {"model": "analytics.transaction", "pk": 234, "fields": {"emailUser1": "helper@gmail.com", "emailUser2": "joseph@gmail.com", "dateTime": "2022-08-18T17:28:56.491Z", "model": "Help offer", "action": "Created", "details": "User Olivia Williams created a help offer with id 255 with the following description: My printer doesn't work and I don't know who to ask"}}, {"model": "analytics.transaction", "pk": 235, "fields": {"emailUser1": "joseph@gmail.com", "emailUser2": "helper@gmail.com", "dateTime": "2022-08-18T17:28:56.492Z", "model": "Help offer", "action": "Accepted", "details": "User joseph@gmail.com accepted a help offer with id 229 offered by: helper@gmail.com"}}, {"model": "analytics.transaction", "pk": 236, "fields": {"emailUser1": "apcw96@gmail.com", "emailUser2": "charlotte@gmail.com", "dateTime": "2022-08-18T17:28:56.493Z", "model": "Help offer", "action": "Created", "details": "User Ana Paola Chazaro Watty created a help offer with id 255 with the following description: My printer doesn't work and I don't know who to ask"}}, {"model": "analytics.transaction", "pk": 237, "fields": {"emailUser1": "charlotte@gmail.com", "emailUser2": "apcw96@gmail.com", "dateTime": "2022-08-18T17:28:56.494Z", "model": "Help offer", "action": "Accepted", "details": "User charlotte@gmail.com accepted a help offer with id 230 offered by: apcw96@gmail.com"}}, {"model": "analytics.transaction", "pk": 238, "fields": {"emailUser1": "charlotte@gmail.com", "emailUser2": "apcw96@gmail.com", "dateTime": "2022-08-18T17:28:56.495Z", "model": "Help offer", "action": "Accepted", "details": "User charlotte@gmail.com accepted a help offer with id 231 offered by: apcw96@gmail.com"}}, {"model": "analytics.transaction", "pk": 239, "fields": {"emailUser1": "daniel@gmail.com", "emailUser2": "paul@gmail.com", "dateTime": "2022-08-18T17:28:56.496Z", "model": "Help offer", "action": "Created", "details": "User Daniel Chazaro Watty created a help offer with id 255 with the following description: My printer doesn't work and I don't know who to ask"}}, {"model": "analytics.transaction", "pk": 240, "fields": {"emailUser1": "paul@gmail.com", "emailUser2": "daniel@gmail.com", "dateTime": "2022-08-18T17:28:56.496Z", "model": "Help offer", "action": "Accepted", "details": "User paul@gmail.com accepted a help offer with id 232 offered by: daniel@gmail.com"}}, {"model": "analytics.transaction", "pk": 241, "fields": {"emailUser1": "samuel@gmail.com", "emailUser2": "apcw96@gmail.com", "dateTime": "2022-08-18T17:28:56.498Z", "model": "Help offer", "action": "Accepted", "details": "User samuel@gmail.com accepted a help offer with id 233 offered by: apcw96@gmail.com"}}, {"model": "analytics.transaction", "pk": 242, "fields": {"emailUser1": "manika@gmail.com", "emailUser2": "paul@gmail.com", "dateTime": "2022-08-18T17:28:56.498Z", "model": "Help offer", "action": "Created", "details": "User Manika Gupta created a help offer with id 255 with the following description: My printer doesn't work and I don't know who to ask"}}, {"model": "analytics.transaction", "pk": 243, "fields": {"emailUser1": "helper@gmail.com", "emailUser2": "samuel@gmail.com", "dateTime": "2022-08-18T17:28:56.500Z", "model": "Help offer", "action": "Created", "details": "User Olivia Williams created a help offer with id 255 with the following description: My printer doesn't work and I don't know who to ask"}}, {"model": "analytics.transaction", "pk": 244, "fields": {"emailUser1": "manika@gmail.com", "emailUser2": "samuel@gmail.com", "dateTime": "2022-08-18T17:28:56.501Z", "model": "Help offer", "action": "Created", "details": "User Manika Gupta created a help offer with id 255 with the following description: My printer doesn't work and I don't know who to ask"}}, {"model": "analytics.transaction", "pk": 245, "fields": {"emailUser1": "manika@gmail.com", "emailUser2": "oldPerson@gmail.com", "dateTime": "2022-08-18T17:28:56.502Z", "model": "Help offer", "action": "Created", "details": "User Manika Gupta created a help offer with id 255 with the following description: My printer doesn't work and I don't know who to ask"}}, {"model": "analytics.transaction", "pk": 246, "fields": {"emailUser1": "helper@gmail.com", "emailUser2": "oldPerson@gmail.com", "dateTime": "2022-08-18T17:28:56.503Z", "model": "Help offer", "action": "Created", "details": "User Olivia Williams created a help offer with id 255 with the following description: My printer doesn't work and I don't know who to ask"}}]